class,correct,total,accuracy,proportion_in_corpus
class__ansiar,1,9,0.11,2.13
class__botar,9,30,0.3,7.09
class__cobrir,1,7,0.14,1.65
class__dizer,0,7,0.0,1.65
class__fazer,1,15,0.07,3.55
class__ler,0,5,0.0,1.18
class__mentir,2,8,0.25,1.89
class__none,0,20,0.0,4.73
class__pedir,0,7,0.0,1.65
class__por,1,27,0.04,6.38
class__regular,51,214,0.24,50.59
class__seguir,6,27,0.22,6.38
class__ter,1,10,0.1,2.36
class__testar,0,20,0.0,4.73
class__ver,0,6,0.0,1.42
class__vir,0,11,0.0,2.6
